RegisterId,Title,Detail,Owner,OwnerKey,WS,Status,Priority,Due,MeetingId,RelatedTo,Tags,SourceSystem,SourceChannel,SourceAuthor,SourceTs,SourcePermalink,SourceQuote,Confidence,VerificationStatus,VerifiedBy,VerifiedAt,VerificationNote,Severity,LastReviewed,Mitigation
r2,"Record load duplicate matching — roughly a third of 14,500 records read as duplicates","Proposed workaround is a provisional-record workflow: hold the load, work the duplicates, then finalize. Internal decision still pending.",Sam Prentice,SP,,open,High,,,,,slack,,,,,,high,pending,,,,R,,
r3,Onboarding timeline is the main risk to the end-of-November go-live,"The review committee meets monthly. Nov 9 is more realistic than Oct 26, which pushes past the planned go-live date.",Jordan Chen,JC,,open,High,,,,,,,,,,,,pending,,,,R,,
r4,Partner workflow spec unclear — which configuration triggers a status message,Behavior on a return interaction within 24 hours versus after is still open. Blocks workflow testing.,Sam Prentice,SP,,open,Med,,,,,,,,,,,,pending,,,,Y,,
r5,Test-record coverage limit — the partner system requires a unique email and phone per record,"The tester may be out of test emails and phone numbers, capping coverage.",Sam Prentice,SP,,open,Med,,,,,,,,,,,,pending,,,,Y,,
r6,Analytics licensing caps at 4 seats — over-dependent on a single partner-side SME,"Additional seats run $6,200 per year each. Plan is to add no-license raw-data access for an internal team member as redundancy.",Morgan Keller,MK,,open,Med,,,,,,,,,,,,pending,,,,Y,,
r7,Stale project tracker still circulating,Do not use as-is. The consolidated project plan is canonical. Watching.,Alex Rivera,AR,,open,Med,,,,,,,,,,,,pending,,,,Y,,
r8,Deck versioning slip — an old version was shared on 8/3,Always share the active version going forward. Watching.,Jordan Chen,JC,,open,Low,,,,,,,,,,,,pending,,,,Y,,
r1,Partner team to provide open-item details — unblocks the workflow test,"Consent, procedures, exception handling, and update triggers all still outstanding. Being chased.",Sam Prentice,SP,,open,High,Today,,,,slack,,,,,,high,pending,,,,R,,
i1,Document format needs sign-off — section order differs from the house standard,"Asks on record: remove the dead link, fix the confusing prior-interaction reference, and reorder the summary block to the top.",Sam Prentice,SP,,open,Med,,,,,,,,,,,,pending,,,,Y,,
